{
  "trained_at": "2026-03-28T23:05:10.451814",
  "samples": 5390,
  "symbols": [
    "AMD",
    "LLY",
    "NVDA",
    "PLTR",
    "RIVN",
    "RKLB",
    "SMCI",
    "SMR",
    "SOFI",
    "TSLA"
  ],
  "features": [
    "Close",
    "ema20_5m",
    "ema50_5m",
    "rsi14_5m",
    "atr14_5m",
    "volume_ratio_5m",
    "trend_5m",
    "ema9_1m",
    "ema20_1m",
    "rsi14_1m",
    "trend_1m",
    "ema20_15m",
    "ema50_15m",
    "rsi14_15m",
    "trend_15m",
    "vwap_deviation",
    "dist_to_ema20_atr",
    "trend_alignment",
    "ema_slope_5m",
    "news_sentiment",
    "news_count_2hr",
    "capital_flow_net",
    "short_float",
    "days_to_earnings",
    "et_hour",
    "et_minute"
  ],
  "entry_threshold_buy": 0.45,
  "entry_threshold_sell": 0.45,
  "feature_importances": {
    "et_hour": 4751.490622393787,
    "vwap_deviation": 2030.7084094879683,
    "rsi14_15m": 1992.3515217527747,
    "ema50_5m": 1966.0278418464586,
    "news_count_2hr": 1839.5985438376665,
    "Close": 1278.3722535073757,
    "ema50_15m": 954.1705143451691,
    "ema9_1m": 901.374395519495,
    "capital_flow_net": 840.9063922464848,
    "ema_slope_5m": 830.2064795643091,
    "ema20_15m": 775.8961274027824,
    "et_minute": 714.4158433377743,
    "ema20_1m": 636.9328145682812,
    "ema20_5m": 552.1171253919601,
    "atr14_5m": 519.0643883831799,
    "rsi14_5m": 488.81597216427326,
    "dist_to_ema20_atr": 383.572535559535,
    "rsi14_1m": 220.2764609232545,
    "days_to_earnings": 148.32942175865173,
    "volume_ratio_5m": 147.84690712578595,
    "trend_15m": 139.98816299438477,
    "trend_alignment": 96.60074722766876,
    "trend_5m": 23.220369815826416,
    "trend_1m": 1.7758899927139282,
    "news_sentiment": 0.0,
    "short_float": 0.0
  },
  "validation_metrics": {
    "accuracy": 0.42987012987012985,
    "sharpe": 1.9621726917499378
  },
  "test_metrics": {
    "accuracy": 0.4077922077922078,
    "sharpe": -3.8667300653633374
  }
}